{"cameraMode":{"drawMode":0,"name":"Shaded","section":"Shading Mode"},"sceneLighting":false,"audioPlay":false,"sceneViewState":{"m_AlwaysRefresh":false,"showFog":true,"showSkybox":false,"showFlares":true,"showImageEffects":true,"showParticleSystems":true,"showVisualEffectGraphs":true,"m_FxEnabled":true},"in2DMode":false,"pivot":{"x":0.25381675362586977,"y":0.8382068872451782,"z":0.35738611221313479},"rotation":{"x":-0.11526529490947724,"y":-0.8006260395050049,"z":0.16338802874088288,"w":-0.5648248195648193},"size":1.5498862266540528,"orthographic":false}