{"cameraMode":{"drawMode":0,"name":"Shaded","section":"Shading Mode"},"sceneLighting":false,"audioPlay":false,"sceneViewState":{"m_AlwaysRefresh":false,"showFog":true,"showSkybox":false,"showFlares":true,"showImageEffects":true,"showParticleSystems":true,"showVisualEffectGraphs":true,"m_FxEnabled":true},"in2DMode":false,"pivot":{"x":-10.260178565979004,"y":1.9871206283569337,"z":-0.5091046690940857},"rotation":{"x":-0.08763033151626587,"y":-0.6964653730392456,"z":0.08631105720996857,"w":-0.7069879174232483},"size":2.9683573246002199,"orthographic":false}