{"cameraMode":{"drawMode":0,"name":"Shaded","section":"Shading Mode"},"sceneLighting":false,"audioPlay":false,"sceneViewState":{"m_AlwaysRefresh":false,"showFog":true,"showSkybox":false,"showFlares":true,"showImageEffects":true,"showParticleSystems":true,"showVisualEffectGraphs":true,"m_FxEnabled":true},"in2DMode":false,"pivot":{"x":-29.665559768676759,"y":2.1373679637908937,"z":13.363303184509278},"rotation":{"x":-0.26100704073905947,"y":-0.10918477177619934,"z":0.029719190672039987,"w":-0.9586935639381409},"size":2.6911840438842775,"orthographic":false}