{"cameraMode":{"drawMode":0,"name":"Shaded","section":"Shading Mode"},"sceneLighting":false,"audioPlay":false,"sceneViewState":{"m_AlwaysRefresh":false,"showFog":true,"showSkybox":false,"showFlares":true,"showImageEffects":true,"showParticleSystems":true,"showVisualEffectGraphs":true,"m_FxEnabled":true},"in2DMode":false,"pivot":{"x":1.1920928955078126e-7,"y":1.4901161193847657e-8,"z":1.1920928955078126e-7},"rotation":{"x":0.14778681099414826,"y":-0.5440541505813599,"z":0.09900148957967758,"w":0.8201126456260681},"size":1.1239725351333619,"orthographic":false}