{"cameraMode":{"drawMode":0,"name":"Shaded","section":"Shading Mode"},"sceneLighting":false,"audioPlay":false,"sceneViewState":{"m_AlwaysRefresh":false,"showFog":true,"showSkybox":false,"showFlares":true,"showImageEffects":true,"showParticleSystems":true,"showVisualEffectGraphs":true,"m_FxEnabled":true},"in2DMode":false,"pivot":{"x":0.008760243654251099,"y":0.044388771057128909,"z":-3.725290298461914e-8},"rotation":{"x":0.051163047552108768,"y":-0.19023342430591584,"z":-0.010194949805736542,"w":-0.9804409742355347},"size":0.5577405095100403,"orthographic":false}