{"cameraMode":{"drawMode":0,"name":"Shaded","section":"Shading Mode"},"sceneLighting":false,"audioPlay":false,"sceneViewState":{"m_AlwaysRefresh":false,"showFog":true,"showSkybox":false,"showFlares":true,"showImageEffects":true,"showParticleSystems":true,"showVisualEffectGraphs":true,"m_FxEnabled":true},"in2DMode":false,"pivot":{"x":669.231689453125,"y":35.95252990722656,"z":252.67568969726563},"rotation":{"x":-0.004820111207664013,"y":0.9572579860687256,"z":0.01545553095638752,"w":0.28942394256591799},"size":23.338909149169923,"orthographic":false}