{"cameraMode":{"drawMode":0,"name":"Shaded","section":"Shading Mode"},"sceneLighting":false,"audioPlay":false,"sceneViewState":{"m_AlwaysRefresh":false,"showFog":true,"showSkybox":false,"showFlares":true,"showImageEffects":true,"showParticleSystems":true,"showVisualEffectGraphs":true,"m_FxEnabled":true},"in2DMode":false,"pivot":{"x":10.63960075378418,"y":1.1247018575668336,"z":-1.051986813545227},"rotation":{"x":-0.26100704073905947,"y":-0.10918477177619934,"z":0.029719190672039987,"w":-0.9586935639381409},"size":0.8146709203720093,"orthographic":false}