{"cameraMode":{"drawMode":0,"name":"Shaded","section":"Shading Mode"},"sceneLighting":false,"audioPlay":false,"sceneViewState":{"m_AlwaysRefresh":false,"showFog":true,"showSkybox":false,"showFlares":true,"showImageEffects":true,"showParticleSystems":true,"showVisualEffectGraphs":true,"m_FxEnabled":true},"in2DMode":false,"pivot":{"x":0.04561507701873779,"y":0.2868185043334961,"z":0.00024259090423583984},"rotation":{"x":0.05998381972312927,"y":0.8437882661819458,"z":-0.5251461863517761,"w":0.0945308730006218},"size":1.0687589645385743,"orthographic":false}