{"cameraMode":{"drawMode":0,"name":"Shaded","section":"Shading Mode"},"sceneLighting":false,"audioPlay":false,"sceneViewState":{"m_AlwaysRefresh":false,"showFog":true,"showSkybox":false,"showFlares":true,"showImageEffects":true,"showParticleSystems":true,"showVisualEffectGraphs":true,"m_FxEnabled":true},"in2DMode":false,"pivot":{"x":0.2499999701976776,"y":-0.11514820158481598,"z":-0.045774780213832858},"rotation":{"x":0.2410411238670349,"y":-0.0978863462805748,"z":0.025762522593140603,"w":0.9653764963150024},"size":0.31011962890625,"orthographic":false}