{"cameraMode":{"drawMode":0,"name":"Shaded","section":"Shading Mode"},"sceneLighting":false,"audioPlay":false,"sceneViewState":{"m_AlwaysRefresh":false,"showFog":true,"showSkybox":false,"showFlares":true,"showImageEffects":true,"showParticleSystems":true,"showVisualEffectGraphs":true,"m_FxEnabled":true},"in2DMode":false,"pivot":{"x":-2.6540822982788088,"y":4.679913520812988,"z":4.5301079750061039},"rotation":{"x":0.2604345977306366,"y":0.49537619948387148,"z":-0.15765880048274995,"w":0.8137182593345642},"size":14.969773292541504,"orthographic":false}