{"cameraMode":{"drawMode":0,"name":"Shaded","section":"Shading Mode"},"sceneLighting":false,"audioPlay":false,"sceneViewState":{"m_AlwaysRefresh":false,"showFog":true,"showSkybox":false,"showFlares":true,"showImageEffects":true,"showParticleSystems":true,"showVisualEffectGraphs":true,"m_FxEnabled":true},"in2DMode":false,"pivot":{"x":-9.100000381469727,"y":4.880000114440918,"z":11.300000190734864},"rotation":{"x":-0.26100704073905947,"y":-0.10918477177619934,"z":0.029719190672039987,"w":-0.9586935639381409},"size":14.757073402404786,"orthographic":false}