{"cameraMode":{"drawMode":0,"name":"Shaded","section":"Shading Mode"},"sceneLighting":false,"audioPlay":false,"sceneViewState":{"m_AlwaysRefresh":false,"showFog":true,"showSkybox":false,"showFlares":true,"showImageEffects":true,"showParticleSystems":true,"showVisualEffectGraphs":true,"m_FxEnabled":true},"in2DMode":false,"pivot":{"x":0.00007152557373046875,"y":-0.00003266334533691406,"z":0.0000324249267578125},"rotation":{"x":0.2604345977306366,"y":0.49537619948387148,"z":-0.15765880048274995,"w":0.8137182593345642},"size":7.061080455780029,"orthographic":false}