{"cameraMode":{"drawMode":0,"name":"Shaded","section":"Shading Mode"},"sceneLighting":false,"audioPlay":false,"sceneViewState":{"m_AlwaysRefresh":false,"showFog":true,"showSkybox":false,"showFlares":true,"showImageEffects":true,"showParticleSystems":true,"showVisualEffectGraphs":true,"m_FxEnabled":true},"in2DMode":false,"pivot":{"x":0.9563866853713989,"y":0.4161764979362488,"z":0.3397022485733032},"rotation":{"x":0.044516462832689288,"y":-0.7517357468605042,"z":0.05109217017889023,"w":0.656090259552002},"size":0.8660253882408142,"orthographic":false}