{"cameraMode":{"drawMode":0,"name":"Shaded","section":"Shading Mode"},"sceneLighting":false,"audioPlay":false,"sceneViewState":{"m_AlwaysRefresh":false,"showFog":true,"showSkybox":false,"showFlares":true,"showImageEffects":true,"showParticleSystems":true,"showVisualEffectGraphs":true,"m_FxEnabled":true},"in2DMode":false,"pivot":{"x":-0.024516835808753969,"y":0.01828908920288086,"z":-0.013513922691345215},"rotation":{"x":0.14778681099414826,"y":-0.5440541505813599,"z":0.09900148957967758,"w":0.8201126456260681},"size":1.0390981435775757,"orthographic":false}