{"cameraMode":{"drawMode":0,"name":"Shaded","section":"Shading Mode"},"sceneLighting":false,"audioPlay":false,"sceneViewState":{"m_AlwaysRefresh":false,"showFog":true,"showSkybox":false,"showFlares":true,"showImageEffects":true,"showParticleSystems":true,"showVisualEffectGraphs":true,"m_FxEnabled":true},"in2DMode":false,"pivot":{"x":-0.000001817941665649414,"y":-0.013386249542236328,"z":-0.0000010728836059570313},"rotation":{"x":0.14778681099414826,"y":-0.5440541505813599,"z":0.09900148957967758,"w":0.8201126456260681},"size":2.8655455112457277,"orthographic":false}