{"cameraMode":{"drawMode":0,"name":"Shaded","section":"Shading Mode"},"sceneLighting":false,"audioPlay":false,"sceneViewState":{"m_AlwaysRefresh":false,"showFog":true,"showSkybox":false,"showFlares":true,"showImageEffects":true,"showParticleSystems":true,"showVisualEffectGraphs":true,"m_FxEnabled":true},"in2DMode":false,"pivot":{"x":1.0692071914672852,"y":2.056504249572754,"z":0.5867147445678711},"rotation":{"x":-0.011650005355477333,"y":0.0781838595867157,"z":0.0009563080384396017,"w":0.9969417452812195},"size":5.778849124908447,"orthographic":false}