{"cameraMode":{"drawMode":0,"name":"Shaded","section":"Shading Mode"},"sceneLighting":false,"audioPlay":false,"sceneViewState":{"m_AlwaysRefresh":false,"showFog":true,"showSkybox":false,"showFlares":true,"showImageEffects":true,"showParticleSystems":true,"showVisualEffectGraphs":true,"m_FxEnabled":true},"in2DMode":false,"pivot":{"x":-0.19887733459472657,"y":0.09523391723632813,"z":3.901116371154785},"rotation":{"x":0.042705144733190539,"y":0.9477673172950745,"z":-0.282616525888443,"w":0.14284278452396394},"size":8.309072494506836,"orthographic":false}