{"cameraMode":{"drawMode":0,"name":"Shaded","section":"Shading Mode"},"sceneLighting":false,"audioPlay":false,"sceneViewState":{"m_AlwaysRefresh":false,"showFog":true,"showSkybox":false,"showFlares":true,"showImageEffects":true,"showParticleSystems":true,"showVisualEffectGraphs":true,"m_FxEnabled":true},"in2DMode":false,"pivot":{"x":0.0017750263214111329,"y":1.6458675861358643,"z":3.2050647735595705},"rotation":{"x":0.023165617138147355,"y":-0.8540769815444946,"z":-0.03820081427693367,"w":-0.5182464122772217},"size":0.9748965501785278,"orthographic":false}