{"cameraMode":{"drawMode":0,"name":"Shaded","section":"Shading Mode"},"sceneLighting":false,"audioPlay":false,"sceneViewState":{"m_AlwaysRefresh":false,"showFog":true,"showSkybox":false,"showFlares":true,"showImageEffects":true,"showParticleSystems":true,"showVisualEffectGraphs":true,"m_FxEnabled":true},"in2DMode":false,"pivot":{"x":-6.787796974182129,"y":-0.039999961853027347,"z":-21.792369842529298},"rotation":{"x":-0.08763033151626587,"y":-0.6964653730392456,"z":0.08631105720996857,"w":-0.7069879174232483},"size":5.916852951049805,"orthographic":false}