{"cameraMode":{"drawMode":0,"name":"Shaded","section":"Shading Mode"},"sceneLighting":true,"audioPlay":false,"sceneViewState":{"m_AlwaysRefresh":false,"showFog":true,"showSkybox":true,"showFlares":true,"showImageEffects":true,"showParticleSystems":true,"showVisualEffectGraphs":true,"m_FxEnabled":true},"in2DMode":false,"pivot":{"x":35.30000305175781,"y":0.0040903277695178989,"z":4.954999923706055},"rotation":{"x":0.3673810660839081,"y":-0.22576381266117097,"z":0.09368157386779785,"w":0.8975122570991516},"size":28.49102783203125,"orthographic":false}