{"cameraMode":{"drawMode":0,"name":"Shaded","section":"Shading Mode"},"sceneLighting":false,"audioPlay":false,"sceneViewState":{"m_AlwaysRefresh":false,"showFog":true,"showSkybox":false,"showFlares":true,"showImageEffects":true,"showParticleSystems":true,"showVisualEffectGraphs":true,"m_FxEnabled":true},"in2DMode":false,"pivot":{"x":-36.769996643066409,"y":29.59125328063965,"z":-3.130735397338867},"rotation":{"x":-0.26100704073905947,"y":-0.10918477177619934,"z":0.029719190672039987,"w":-0.9586935639381409},"size":120.13937377929688,"orthographic":false}