{"cameraMode":{"drawMode":0,"name":"Shaded","section":"Shading Mode"},"sceneLighting":false,"audioPlay":false,"sceneViewState":{"m_AlwaysRefresh":false,"showFog":true,"showSkybox":false,"showFlares":true,"showImageEffects":true,"showParticleSystems":true,"showVisualEffectGraphs":true,"m_FxEnabled":true},"in2DMode":false,"pivot":{"x":-0.00000286102294921875,"y":3.068012237548828,"z":-4.76837158203125e-7},"rotation":{"x":0.15589402616024018,"y":-0.25539183616638186,"z":0.042643703520298007,"w":0.953349232673645},"size":7.979890823364258,"orthographic":false}