{"cameraMode":{"drawMode":0,"name":"Shaded","section":"Shading Mode"},"sceneLighting":false,"audioPlay":false,"sceneViewState":{"m_AlwaysRefresh":false,"showFog":true,"showSkybox":false,"showFlares":true,"showImageEffects":true,"showParticleSystems":true,"showVisualEffectGraphs":true,"m_FxEnabled":true},"in2DMode":false,"pivot":{"x":0.013351678848266602,"y":0.5185470581054688,"z":0.3256915807723999},"rotation":{"x":0.05998381972312927,"y":0.8437882661819458,"z":-0.5251461863517761,"w":0.0945308730006218},"size":2.7222278118133547,"orthographic":false}