{"cameraMode":{"drawMode":0,"name":"Shaded","section":"Shading Mode"},"sceneLighting":false,"audioPlay":false,"sceneViewState":{"m_AlwaysRefresh":false,"showFog":true,"showSkybox":false,"showFlares":true,"showImageEffects":true,"showParticleSystems":true,"showVisualEffectGraphs":true,"m_FxEnabled":true},"in2DMode":false,"pivot":{"x":0.5991554260253906,"y":1.2220449447631837,"z":13.675490379333496},"rotation":{"x":0.3255922794342041,"y":0.37084102630615237,"z":-0.13900980353355409,"w":0.8587443232536316},"size":28.770526885986329,"orthographic":false}