{"cameraMode":{"drawMode":0,"name":"Shaded","section":"Shading Mode"},"sceneLighting":false,"audioPlay":false,"sceneViewState":{"m_AlwaysRefresh":false,"showFog":true,"showSkybox":false,"showFlares":true,"showImageEffects":true,"showParticleSystems":true,"showVisualEffectGraphs":true,"m_FxEnabled":true},"in2DMode":false,"pivot":{"x":-1.0105934143066407,"y":6.209148406982422,"z":0.9741902351379395},"rotation":{"x":0.14736171066761018,"y":0.3706125319004059,"z":-0.05879807844758034,"w":0.9152549505233765},"size":21.091400146484376,"orthographic":false}