{"cameraMode":{"drawMode":0,"name":"Shaded","section":"Shading Mode"},"sceneLighting":false,"audioPlay":false,"sceneViewState":{"m_AlwaysRefresh":false,"showFog":true,"showSkybox":false,"showFlares":true,"showImageEffects":true,"showParticleSystems":true,"showVisualEffectGraphs":true,"m_FxEnabled":true},"in2DMode":false,"pivot":{"x":-63.105133056640628,"y":13.951297760009766,"z":-289.46368408203127},"rotation":{"x":0.3255922794342041,"y":0.37084102630615237,"z":-0.13900980353355409,"w":0.8587443232536316},"size":42.435245513916019,"orthographic":false}