{"cameraMode":{"drawMode":0,"name":"Shaded","section":"Shading Mode"},"sceneLighting":false,"audioPlay":false,"sceneViewState":{"m_AlwaysRefresh":false,"showFog":true,"showSkybox":false,"showFlares":true,"showImageEffects":true,"showParticleSystems":true,"showVisualEffectGraphs":true,"m_FxEnabled":true},"in2DMode":false,"pivot":{"x":-0.08847427368164063,"y":4.317397594451904,"z":-0.13064002990722657},"rotation":{"x":0.3255922794342041,"y":0.37084102630615237,"z":-0.13900980353355409,"w":0.8587443232536316},"size":50.796051025390628,"orthographic":false}