{"cameraMode":{"drawMode":0,"name":"Shaded","section":"Shading Mode"},"sceneLighting":false,"audioPlay":false,"sceneViewState":{"m_AlwaysRefresh":false,"showFog":true,"showSkybox":false,"showFlares":true,"showImageEffects":true,"showParticleSystems":true,"showVisualEffectGraphs":true,"m_FxEnabled":true},"in2DMode":false,"pivot":{"x":0.0000019073486328125,"y":3.068012237548828,"z":-4.76837158203125e-7},"rotation":{"x":0.18603567779064179,"y":-0.3376742899417877,"z":0.06926015019416809,"w":0.9202129244804382},"size":7.979889869689941,"orthographic":false}