{"cameraMode":{"drawMode":0,"name":"Shaded","section":"Shading Mode"},"sceneLighting":false,"audioPlay":false,"sceneViewState":{"m_AlwaysRefresh":false,"showFog":true,"showSkybox":false,"showFlares":true,"showImageEffects":true,"showParticleSystems":true,"showVisualEffectGraphs":true,"m_FxEnabled":true},"in2DMode":false,"pivot":{"x":0.22381669282913209,"y":0.8382068872451782,"z":0.35738611221313479},"rotation":{"x":-0.0015633732546120883,"y":0.5274875164031982,"z":-0.0009128923411481082,"w":-0.849603533744812},"size":1.5498861074447632,"orthographic":false}