{"cameraMode":{"drawMode":0,"name":"Shaded","section":"Shading Mode"},"sceneLighting":false,"audioPlay":false,"sceneViewState":{"m_AlwaysRefresh":false,"showFog":true,"showSkybox":false,"showFlares":true,"showImageEffects":true,"showParticleSystems":true,"showVisualEffectGraphs":true,"m_FxEnabled":true},"in2DMode":false,"pivot":{"x":4.76837158203125e-7,"y":1.2653632164001465,"z":-0.0000018477439880371094},"rotation":{"x":0.14778681099414826,"y":-0.5440541505813599,"z":0.09900148957967758,"w":0.8201126456260681},"size":1.9514893293380738,"orthographic":false}