{"cameraMode":{"drawMode":0,"name":"Shaded","section":"Shading Mode"},"sceneLighting":false,"audioPlay":false,"sceneViewState":{"m_AlwaysRefresh":false,"showFog":true,"showSkybox":false,"showFlares":true,"showImageEffects":true,"showParticleSystems":true,"showVisualEffectGraphs":true,"m_FxEnabled":true},"in2DMode":false,"pivot":{"x":-0.00000286102294921875,"y":3.0680150985717775,"z":4.76837158203125e-7},"rotation":{"x":0.18953201174736024,"y":0.27218228578567507,"z":-0.053870320320129397,"w":0.9419722557067871},"size":7.332217216491699,"orthographic":false}