{"cameraMode":{"drawMode":0,"name":"Shaded","section":"Shading Mode"},"sceneLighting":false,"audioPlay":false,"sceneViewState":{"m_AlwaysRefresh":false,"showFog":true,"showSkybox":false,"showFlares":true,"showImageEffects":true,"showParticleSystems":true,"showVisualEffectGraphs":true,"m_FxEnabled":true},"in2DMode":false,"pivot":{"x":-31.194046020507814,"y":3.9577815532684328,"z":7.119589805603027},"rotation":{"x":-0.26100704073905947,"y":-0.10918477177619934,"z":0.029719190672039987,"w":-0.9586935639381409},"size":7.096290588378906,"orthographic":false}