{"cameraMode":{"drawMode":0,"name":"Shaded","section":"Shading Mode"},"sceneLighting":false,"audioPlay":false,"sceneViewState":{"m_AlwaysRefresh":false,"showFog":true,"showSkybox":false,"showFlares":true,"showImageEffects":true,"showParticleSystems":true,"showVisualEffectGraphs":true,"m_FxEnabled":true},"in2DMode":false,"pivot":{"x":0.08423328399658203,"y":2.7200002670288088,"z":15.760129928588868},"rotation":{"x":0.3255922794342041,"y":0.37084102630615237,"z":-0.13900980353355409,"w":0.8587443232536316},"size":40.464664459228519,"orthographic":false}