{"cameraMode":{"drawMode":0,"name":"Shaded","section":"Shading Mode"},"sceneLighting":false,"audioPlay":false,"sceneViewState":{"m_AlwaysRefresh":false,"showFog":true,"showSkybox":false,"showFlares":true,"showImageEffects":true,"showParticleSystems":true,"showVisualEffectGraphs":true,"m_FxEnabled":true},"in2DMode":false,"pivot":{"x":-0.0000012218952178955079,"y":-2.9802322387695315e-8,"z":6.258487701416016e-7},"rotation":{"x":0.05998381972312927,"y":0.8437882661819458,"z":-0.5251461863517761,"w":0.0945308730006218},"size":0.5129871964454651,"orthographic":false}