{"cameraMode":{"drawMode":0,"name":"Shaded","section":"Shading Mode"},"sceneLighting":false,"audioPlay":false,"sceneViewState":{"m_AlwaysRefresh":false,"showFog":true,"showSkybox":false,"showFlares":true,"showImageEffects":true,"showParticleSystems":true,"showVisualEffectGraphs":true,"m_FxEnabled":true},"in2DMode":false,"pivot":{"x":18.09609603881836,"y":1.218004822731018,"z":11.138507843017579},"rotation":{"x":-0.048941515386104587,"y":-0.9508784413337708,"z":0.21353502571582795,"w":-0.21969720721244813},"size":4.913156032562256,"orthographic":false}